cell_id,system,concurrency,rep,latency_ms
seccomp-c50-rep1,seccomp,50,1,18.6471
seccomp-c50-rep1,seccomp,50,1,93.234
seccomp-c50-rep1,seccomp,50,1,104.7815
seccomp-c50-rep1,seccomp,50,1,144.7409
seccomp-c50-rep1,seccomp,50,1,200.8181
seccomp-c50-rep1,seccomp,50,1,271.7719
seccomp-c50-rep1,seccomp,50,1,289.7957
seccomp-c50-rep1,seccomp,50,1,291.7999
seccomp-c50-rep1,seccomp,50,1,409.351
seccomp-c50-rep1,seccomp,50,1,415.8922
seccomp-c50-rep1,seccomp,50,1,658.7719
seccomp-c50-rep1,seccomp,50,1,687.765
seccomp-c50-rep1,seccomp,50,1,692.8542
seccomp-c50-rep1,seccomp,50,1,736.7699
seccomp-c50-rep1,seccomp,50,1,755.8626
seccomp-c50-rep1,seccomp,50,1,923.7326
seccomp-c50-rep1,seccomp,50,1,987.9289
seccomp-c50-rep1,seccomp,50,1,1054.8041
seccomp-c50-rep1,seccomp,50,1,1055.7802
seccomp-c50-rep1,seccomp,50,1,1072.7941
seccomp-c50-rep1,seccomp,50,1,1158.7735
seccomp-c50-rep1,seccomp,50,1,1200.83
seccomp-c50-rep1,seccomp,50,1,1232.7576
seccomp-c50-rep1,seccomp,50,1,1245.8187
seccomp-c50-rep1,seccomp,50,1,1342.9045
seccomp-c50-rep1,seccomp,50,1,1360.7175
seccomp-c50-rep1,seccomp,50,1,1523.8031
seccomp-c50-rep1,seccomp,50,1,1568.7954
seccomp-c50-rep1,seccomp,50,1,1592.6139
seccomp-c50-rep1,seccomp,50,1,1648.9053
seccomp-c50-rep1,seccomp,50,1,1674.0172
seccomp-c50-rep1,seccomp,50,1,1674.83
seccomp-c50-rep1,seccomp,50,1,1675.7621
seccomp-c50-rep1,seccomp,50,1,1718.6071
seccomp-c50-rep1,seccomp,50,1,1740.9605
seccomp-c50-rep1,seccomp,50,1,1774.7016
seccomp-c50-rep1,seccomp,50,1,1844.6015
seccomp-c50-rep1,seccomp,50,1,1848.6784
seccomp-c50-rep1,seccomp,50,1,1895.7845
seccomp-c50-rep1,seccomp,50,1,1897.8456
seccomp-c50-rep1,seccomp,50,1,1910.1458
seccomp-c50-rep1,seccomp,50,1,1925.8171
seccomp-c50-rep1,seccomp,50,1,1937.7796
seccomp-c50-rep1,seccomp,50,1,1945.6067
seccomp-c50-rep1,seccomp,50,1,1985.7423
seccomp-c50-rep1,seccomp,50,1,1985.7944
seccomp-c50-rep1,seccomp,50,1,2011.8385
seccomp-c50-rep1,seccomp,50,1,2091.7311
seccomp-c50-rep1,seccomp,50,1,2092.8234
seccomp-c50-rep1,seccomp,50,1,2118.6014
seccomp-c50-rep1,seccomp,50,1,2145.8539
seccomp-c50-rep1,seccomp,50,1,2169.8357
seccomp-c50-rep1,seccomp,50,1,2188.9024
seccomp-c50-rep1,seccomp,50,1,2197.119
seccomp-c50-rep1,seccomp,50,1,2205.8185
seccomp-c50-rep1,seccomp,50,1,2258.2379
seccomp-c50-rep1,seccomp,50,1,2262.0207
seccomp-c50-rep1,seccomp,50,1,2265.8222
seccomp-c50-rep1,seccomp,50,1,2343.795
seccomp-c50-rep1,seccomp,50,1,2418.8128
seccomp-c50-rep1,seccomp,50,1,2466.8755
seccomp-c50-rep1,seccomp,50,1,2467.0672
seccomp-c50-rep1,seccomp,50,1,2509.777
seccomp-c50-rep1,seccomp,50,1,2517.9011
seccomp-c50-rep1,seccomp,50,1,2634.6442
seccomp-c50-rep1,seccomp,50,1,2654.5746
seccomp-c50-rep1,seccomp,50,1,2784.82
seccomp-c50-rep1,seccomp,50,1,2806.7663
seccomp-c50-rep1,seccomp,50,1,2825.7761
seccomp-c50-rep1,seccomp,50,1,2876.926
seccomp-c50-rep1,seccomp,50,1,2877.8901
seccomp-c50-rep1,seccomp,50,1,2897.733
seccomp-c50-rep1,seccomp,50,1,2902.7844
seccomp-c50-rep1,seccomp,50,1,2935.0415
seccomp-c50-rep1,seccomp,50,1,2947.8622
seccomp-c50-rep1,seccomp,50,1,2954.7217
seccomp-c50-rep1,seccomp,50,1,2987.7342
seccomp-c50-rep1,seccomp,50,1,3004.7958
seccomp-c50-rep1,seccomp,50,1,3011.0743
seccomp-c50-rep1,seccomp,50,1,3031.6972
seccomp-c50-rep1,seccomp,50,1,3045.7536
seccomp-c50-rep1,seccomp,50,1,3094.8699
seccomp-c50-rep1,seccomp,50,1,3119.7417
seccomp-c50-rep1,seccomp,50,1,3139.8776
seccomp-c50-rep1,seccomp,50,1,3144.7448
seccomp-c50-rep1,seccomp,50,1,3167.7736
seccomp-c50-rep1,seccomp,50,1,3174.842
seccomp-c50-rep1,seccomp,50,1,3184.8043
seccomp-c50-rep1,seccomp,50,1,3193.1979
seccomp-c50-rep1,seccomp,50,1,3194.8424
seccomp-c50-rep1,seccomp,50,1,3211.0959
seccomp-c50-rep1,seccomp,50,1,3224.8789
seccomp-c50-rep1,seccomp,50,1,3256.9067
seccomp-c50-rep1,seccomp,50,1,3258.7864
seccomp-c50-rep1,seccomp,50,1,3266.8057
seccomp-c50-rep1,seccomp,50,1,3273.8409
seccomp-c50-rep1,seccomp,50,1,3278.3119
seccomp-c50-rep1,seccomp,50,1,3282.8244
seccomp-c50-rep1,seccomp,50,1,3319.7465
seccomp-c50-rep1,seccomp,50,1,3336.2279
seccomp-c50-rep1,seccomp,50,1,3339.9844
seccomp-c50-rep1,seccomp,50,1,3364.7511
seccomp-c50-rep1,seccomp,50,1,3379.8218
seccomp-c50-rep1,seccomp,50,1,3385.98
seccomp-c50-rep1,seccomp,50,1,3391.8031
seccomp-c50-rep1,seccomp,50,1,3414.7739
seccomp-c50-rep1,seccomp,50,1,3423.6863
seccomp-c50-rep1,seccomp,50,1,3427.7236
seccomp-c50-rep1,seccomp,50,1,3446.7711
seccomp-c50-rep1,seccomp,50,1,3461.7613
seccomp-c50-rep1,seccomp,50,1,3508.7101
seccomp-c50-rep1,seccomp,50,1,3508.802
seccomp-c50-rep1,seccomp,50,1,3516.8064
seccomp-c50-rep1,seccomp,50,1,3533.1467
seccomp-c50-rep1,seccomp,50,1,3534.7838
seccomp-c50-rep1,seccomp,50,1,3536.4707
seccomp-c50-rep1,seccomp,50,1,3555.8274
seccomp-c50-rep1,seccomp,50,1,3571.7906
seccomp-c50-rep1,seccomp,50,1,3575.2439
seccomp-c50-rep1,seccomp,50,1,3626.6633
seccomp-c50-rep1,seccomp,50,1,3654.88
seccomp-c50-rep1,seccomp,50,1,3660.7687
seccomp-c50-rep1,seccomp,50,1,3691.956
seccomp-c50-rep1,seccomp,50,1,3719.8067
seccomp-c50-rep1,seccomp,50,1,3733.1025
seccomp-c50-rep1,seccomp,50,1,3737.7893
seccomp-c50-rep1,seccomp,50,1,3753.2208
seccomp-c50-rep1,seccomp,50,1,3756.8332
seccomp-c50-rep1,seccomp,50,1,3812.386
seccomp-c50-rep1,seccomp,50,1,3813.7789
seccomp-c50-rep1,seccomp,50,1,3846.6559
seccomp-c50-rep1,seccomp,50,1,3849.7425
seccomp-c50-rep1,seccomp,50,1,3858.8471
seccomp-c50-rep1,seccomp,50,1,3860.4601
seccomp-c50-rep1,seccomp,50,1,3895.7786
seccomp-c50-rep1,seccomp,50,1,3900.7182
seccomp-c50-rep1,seccomp,50,1,3941.8321
seccomp-c50-rep1,seccomp,50,1,3954.7793
seccomp-c50-rep1,seccomp,50,1,3973.7242
seccomp-c50-rep1,seccomp,50,1,3974.8
seccomp-c50-rep1,seccomp,50,1,3996.7893
seccomp-c50-rep1,seccomp,50,1,4019.577
seccomp-c50-rep1,seccomp,50,1,4046.8202
seccomp-c50-rep1,seccomp,50,1,4090.4754
seccomp-c50-rep1,seccomp,50,1,4096.7663
seccomp-c50-rep1,seccomp,50,1,4101.7598
seccomp-c50-rep1,seccomp,50,1,4112.7911
seccomp-c50-rep1,seccomp,50,1,4151.3408
seccomp-c50-rep1,seccomp,50,1,4184.9382
seccomp-c50-rep1,seccomp,50,1,4218.9112
seccomp-c50-rep1,seccomp,50,1,4237.8035
seccomp-c50-rep1,seccomp,50,1,4238.7855
seccomp-c50-rep1,seccomp,50,1,4239.7331
seccomp-c50-rep1,seccomp,50,1,4244.7955
seccomp-c50-rep1,seccomp,50,1,4248.7928
seccomp-c50-rep1,seccomp,50,1,4248.8612
seccomp-c50-rep1,seccomp,50,1,4276.074
seccomp-c50-rep1,seccomp,50,1,4280.7782
seccomp-c50-rep1,seccomp,50,1,4288.7561
seccomp-c50-rep1,seccomp,50,1,4298.1497
seccomp-c50-rep1,seccomp,50,1,4298.4358
seccomp-c50-rep1,seccomp,50,1,4313.7433
seccomp-c50-rep1,seccomp,50,1,4314.8227
seccomp-c50-rep1,seccomp,50,1,4356.9091
seccomp-c50-rep1,seccomp,50,1,4370.8021
seccomp-c50-rep1,seccomp,50,1,4394.806
seccomp-c50-rep1,seccomp,50,1,4402.0175
seccomp-c50-rep1,seccomp,50,1,4423.7829
seccomp-c50-rep1,seccomp,50,1,4489.7001
seccomp-c50-rep1,seccomp,50,1,4498.8057
seccomp-c50-rep1,seccomp,50,1,4524.8122
seccomp-c50-rep1,seccomp,50,1,4525.7844
seccomp-c50-rep1,seccomp,50,1,4529.7992
seccomp-c50-rep1,seccomp,50,1,4551.8737
seccomp-c50-rep1,seccomp,50,1,4570.8297
seccomp-c50-rep1,seccomp,50,1,4575.6206
seccomp-c50-rep1,seccomp,50,1,4595.764
seccomp-c50-rep1,seccomp,50,1,4611.9168
seccomp-c50-rep1,seccomp,50,1,4617.8034
seccomp-c50-rep1,seccomp,50,1,4668.9949
seccomp-c50-rep1,seccomp,50,1,4682.6248
seccomp-c50-rep1,seccomp,50,1,4691.6601
seccomp-c50-rep1,seccomp,50,1,4691.8832
seccomp-c50-rep1,seccomp,50,1,4715.7385
seccomp-c50-rep1,seccomp,50,1,4719.8177
seccomp-c50-rep1,seccomp,50,1,4726.8198
seccomp-c50-rep1,seccomp,50,1,4865.2272
seccomp-c50-rep1,seccomp,50,1,4873.8127
seccomp-c50-rep1,seccomp,50,1,4880.7493
seccomp-c50-rep1,seccomp,50,1,4889.8893
seccomp-c50-rep1,seccomp,50,1,4907.9203
seccomp-c50-rep1,seccomp,50,1,4920.248
seccomp-c50-rep1,seccomp,50,1,4925.0723
seccomp-c50-rep1,seccomp,50,1,4944.8572
seccomp-c50-rep1,seccomp,50,1,4951.398
seccomp-c50-rep1,seccomp,50,1,4969.748
seccomp-c50-rep1,seccomp,50,1,4972.2282
seccomp-c50-rep1,seccomp,50,1,4976.8987
seccomp-c50-rep1,seccomp,50,1,4995.927
seccomp-c50-rep1,seccomp,50,1,5051.8595
seccomp-c50-rep1,seccomp,50,1,5068.7701
seccomp-c50-rep1,seccomp,50,1,5081.0207
seccomp-c50-rep1,seccomp,50,1,5100.3017
seccomp-c50-rep1,seccomp,50,1,5123.0391
seccomp-c50-rep1,seccomp,50,1,5147.7471
seccomp-c50-rep1,seccomp,50,1,5151.9172
seccomp-c50-rep1,seccomp,50,1,5168.8891
seccomp-c50-rep1,seccomp,50,1,5199.7847
seccomp-c50-rep1,seccomp,50,1,5240.8008
seccomp-c50-rep1,seccomp,50,1,5269.7133
seccomp-c50-rep1,seccomp,50,1,5297.8389
seccomp-c50-rep1,seccomp,50,1,5348.0134
seccomp-c50-rep1,seccomp,50,1,5364.0607
seccomp-c50-rep1,seccomp,50,1,5364.7324
seccomp-c50-rep1,seccomp,50,1,5378.834
seccomp-c50-rep1,seccomp,50,1,5447.7771
seccomp-c50-rep1,seccomp,50,1,5506.9621
seccomp-c50-rep1,seccomp,50,1,5534.8335
seccomp-c50-rep1,seccomp,50,1,5539.9215
seccomp-c50-rep1,seccomp,50,1,5542.9205
seccomp-c50-rep1,seccomp,50,1,5563.7379
seccomp-c50-rep1,seccomp,50,1,5564.5905
seccomp-c50-rep1,seccomp,50,1,5597.8044
seccomp-c50-rep1,seccomp,50,1,5626.9345
seccomp-c50-rep1,seccomp,50,1,5635.7747
seccomp-c50-rep1,seccomp,50,1,5649.8015
seccomp-c50-rep1,seccomp,50,1,5652.83
seccomp-c50-rep1,seccomp,50,1,5657.1104
seccomp-c50-rep1,seccomp,50,1,5658.8713
seccomp-c50-rep1,seccomp,50,1,5669.8574
seccomp-c50-rep1,seccomp,50,1,5697.3869
seccomp-c50-rep1,seccomp,50,1,5702.7544
seccomp-c50-rep1,seccomp,50,1,5734.7871
seccomp-c50-rep1,seccomp,50,1,5769.7923
seccomp-c50-rep1,seccomp,50,1,5796.3797
seccomp-c50-rep1,seccomp,50,1,5836.8358
seccomp-c50-rep1,seccomp,50,1,5855.892
seccomp-c50-rep1,seccomp,50,1,5879.3322
seccomp-c50-rep1,seccomp,50,1,5960.8036
seccomp-c50-rep1,seccomp,50,1,5962.8071
seccomp-c50-rep1,seccomp,50,1,5984.7395
seccomp-c50-rep1,seccomp,50,1,6026.7377
seccomp-c50-rep1,seccomp,50,1,6060.852
seccomp-c50-rep1,seccomp,50,1,6097.7421
seccomp-c50-rep1,seccomp,50,1,6101.793
seccomp-c50-rep1,seccomp,50,1,6153.8043
seccomp-c50-rep1,seccomp,50,1,6225.3321
seccomp-c50-rep1,seccomp,50,1,6231.2823
seccomp-c50-rep1,seccomp,50,1,6243.8702
seccomp-c50-rep1,seccomp,50,1,6271.019
seccomp-c50-rep1,seccomp,50,1,6294.8133
seccomp-c50-rep1,seccomp,50,1,6345.8113
seccomp-c50-rep1,seccomp,50,1,6405.5755
seccomp-c50-rep1,seccomp,50,1,6445.6761
seccomp-c50-rep1,seccomp,50,1,6474.8111
seccomp-c50-rep1,seccomp,50,1,6491.8066
seccomp-c50-rep1,seccomp,50,1,6567.7835
seccomp-c50-rep1,seccomp,50,1,6593.8787
seccomp-c50-rep1,seccomp,50,1,6622.7671
seccomp-c50-rep1,seccomp,50,1,6624.7858
seccomp-c50-rep1,seccomp,50,1,6638.7929
seccomp-c50-rep1,seccomp,50,1,6677.8802
seccomp-c50-rep1,seccomp,50,1,6684.6917
seccomp-c50-rep1,seccomp,50,1,6706.0211
seccomp-c50-rep1,seccomp,50,1,6763.7332
seccomp-c50-rep1,seccomp,50,1,6764.6426
seccomp-c50-rep1,seccomp,50,1,6806.8072
seccomp-c50-rep1,seccomp,50,1,6819.166
seccomp-c50-rep1,seccomp,50,1,6853.8019
seccomp-c50-rep1,seccomp,50,1,6902.8018
seccomp-c50-rep1,seccomp,50,1,6924.0807
seccomp-c50-rep1,seccomp,50,1,6963.737
seccomp-c50-rep1,seccomp,50,1,6972.8202
seccomp-c50-rep1,seccomp,50,1,6976.8809
seccomp-c50-rep1,seccomp,50,1,6985.7418
seccomp-c50-rep1,seccomp,50,1,6992.7303
seccomp-c50-rep1,seccomp,50,1,6992.8364
seccomp-c50-rep1,seccomp,50,1,7011.7928
seccomp-c50-rep1,seccomp,50,1,7103.6457
seccomp-c50-rep1,seccomp,50,1,7163.9364
seccomp-c50-rep1,seccomp,50,1,7174.8164
seccomp-c50-rep1,seccomp,50,1,7213.2458
seccomp-c50-rep1,seccomp,50,1,7251.0868
seccomp-c50-rep1,seccomp,50,1,7335.7989
seccomp-c50-rep1,seccomp,50,1,7359.7629
seccomp-c50-rep1,seccomp,50,1,7404.7168
seccomp-c50-rep1,seccomp,50,1,7408.7914
seccomp-c50-rep1,seccomp,50,1,7423.8517
seccomp-c50-rep1,seccomp,50,1,7520.8906
seccomp-c50-rep1,seccomp,50,1,7532.8229
seccomp-c50-rep1,seccomp,50,1,7576.7639
seccomp-c50-rep1,seccomp,50,1,7652.7935
seccomp-c50-rep1,seccomp,50,1,7691.9007
seccomp-c50-rep1,seccomp,50,1,7721.8374
seccomp-c50-rep1,seccomp,50,1,7772.8812
seccomp-c50-rep1,seccomp,50,1,7782.8531
seccomp-c50-rep1,seccomp,50,1,7855.8154
seccomp-c50-rep1,seccomp,50,1,7921.7908
seccomp-c50-rep1,seccomp,50,1,7930.8024
seccomp-c50-rep1,seccomp,50,1,7947.2529
seccomp-c50-rep1,seccomp,50,1,7950.8072
seccomp-c50-rep1,seccomp,50,1,8045.7958
seccomp-c50-rep1,seccomp,50,1,8061.7686
seccomp-c50-rep1,seccomp,50,1,8092.1367
seccomp-c50-rep1,seccomp,50,1,8151.8056
seccomp-c50-rep1,seccomp,50,1,8153.8582
seccomp-c50-rep1,seccomp,50,1,8168.7165
seccomp-c50-rep1,seccomp,50,1,8197.7106
seccomp-c50-rep1,seccomp,50,1,8281.014
seccomp-c50-rep1,seccomp,50,1,8308.7484
seccomp-c50-rep1,seccomp,50,1,8373.7998
seccomp-c50-rep1,seccomp,50,1,8394.8933
seccomp-c50-rep1,seccomp,50,1,8418.7778
seccomp-c50-rep1,seccomp,50,1,8478.6163
seccomp-c50-rep1,seccomp,50,1,8479.3599
seccomp-c50-rep1,seccomp,50,1,8511.2368
seccomp-c50-rep1,seccomp,50,1,8569.1903
seccomp-c50-rep1,seccomp,50,1,8569.7786
seccomp-c50-rep1,seccomp,50,1,8581.3611
seccomp-c50-rep1,seccomp,50,1,8582.8458
seccomp-c50-rep1,seccomp,50,1,8604.6907
seccomp-c50-rep1,seccomp,50,1,8770.8541
seccomp-c50-rep1,seccomp,50,1,8792.5903
seccomp-c50-rep1,seccomp,50,1,8854.8738
seccomp-c50-rep1,seccomp,50,1,9042.7361
seccomp-c50-rep1,seccomp,50,1,9292.9471
seccomp-c50-rep1,seccomp,50,1,9299.7235
seccomp-c50-rep1,seccomp,50,1,9332.8418
seccomp-c50-rep1,seccomp,50,1,9340.7931
seccomp-c50-rep1,seccomp,50,1,9425.062
seccomp-c50-rep1,seccomp,50,1,9545.7552
seccomp-c50-rep1,seccomp,50,1,9708.807
seccomp-c50-rep1,seccomp,50,1,9942.034
seccomp-c50-rep1,seccomp,50,1,17839.2184
seccomp-c50-rep1,seccomp,50,1,18248.0136
seccomp-c50-rep1,seccomp,50,1,18255.3595
seccomp-c50-rep1,seccomp,50,1,18294.9184
seccomp-c50-rep1,seccomp,50,1,18385.2047
seccomp-c50-rep1,seccomp,50,1,18651.0097
seccomp-c50-rep1,seccomp,50,1,18677.2673
seccomp-c50-rep1,seccomp,50,1,18869.7896
seccomp-c50-rep1,seccomp,50,1,19106.9712
seccomp-c50-rep1,seccomp,50,1,19206.0244
seccomp-c50-rep1,seccomp,50,1,19221.8987
seccomp-c50-rep1,seccomp,50,1,19314.1582
seccomp-c50-rep1,seccomp,50,1,19399.9926
seccomp-c50-rep1,seccomp,50,1,19594.9668
seccomp-c50-rep1,seccomp,50,1,19642.9371
seccomp-c50-rep1,seccomp,50,1,19684.1535
seccomp-c50-rep1,seccomp,50,1,19701.8121
seccomp-c50-rep1,seccomp,50,1,19713.1109
seccomp-c50-rep1,seccomp,50,1,19756.9082
seccomp-c50-rep1,seccomp,50,1,19787.9626
seccomp-c50-rep1,seccomp,50,1,19794.0073
seccomp-c50-rep1,seccomp,50,1,19814.9477
seccomp-c50-rep1,seccomp,50,1,19857.9333
seccomp-c50-rep1,seccomp,50,1,19891.9245
seccomp-c50-rep1,seccomp,50,1,19907.9918
seccomp-c50-rep1,seccomp,50,1,19950.1187
seccomp-c50-rep1,seccomp,50,1,19952.0281
